wavename,start,end
./wavs/kws/qualcomm_keyword_speech_dataset/hi_galaxy/SAM/QOAM3SAM003.wav,1,17594
./wavs/kws/qualcomm_keyword_speech_dataset/hi_galaxy/SAM/QOAM3SAM011.wav,1,18273
./wavs/kws/qualcomm_keyword_speech_dataset/hi_galaxy/SAM/QOAM3SAM019.wav,1,16338
./wavs/kws/qualcomm_keyword_speech_dataset/hi_galaxy/SAM/QOAM3SAM027.wav,1,16705
./wavs/kws/qualcomm_keyword_speech_dataset/hi_galaxy/SAM/QOAM3SAM035.wav,1,16673
./wavs/kws/qualcomm_keyword_speech_dataset/hi_galaxy/SAM/QOAM3SAM043.wav,1,21019
./wavs/kws/qualcomm_keyword_speech_dataset/hi_galaxy/SAM/QOAM3SAM051.wav,1,18494
./wavs/kws/qualcomm_keyword_speech_dataset/hi_galaxy/SAM/QOAM3SAM059.wav,1,18243
./wavs/kws/qualcomm_keyword_speech_dataset/hi_galaxy/SAM/QOAM3SAM067.wav,1,15785
./wavs/kws/qualcomm_keyword_speech_dataset/hi_galaxy/SAM/QOAM3SAM075.wav,1,17472
./wavs/kws/qualcomm_keyword_speech_dataset/hi_galaxy/SAM/QOAM3SAM083.wav,1,17882
./wavs/kws/qualcomm_keyword_speech_dataset/hi_galaxy/SAM/QOAM3SAM091.wav,1,16824
./wavs/kws/qualcomm_keyword_speech_dataset/hi_galaxy/SAM/QOAM3SAM099.wav,1,18478
./wavs/kws/qualcomm_keyword_speech_dataset/hi_galaxy/SAM/QOAM3SAM107.wav,1,19017
./wavs/kws/qualcomm_keyword_speech_dataset/hi_galaxy/SAM/QOAM3SAM115.wav,1,17713
./wavs/kws/qualcomm_keyword_speech_dataset/hi_galaxy/SAM/QOAM3SAM123.wav,1,15526
./wavs/kws/qualcomm_keyword_speech_dataset/hi_galaxy/SAM/QOAM3SAM131.wav,1,15680
./wavs/kws/qualcomm_keyword_speech_dataset/hi_galaxy/SAM/QOAM3SAM139.wav,1,16057
./wavs/kws/qualcomm_keyword_speech_dataset/hi_galaxy/SAM/QOAM3SAM147.wav,1,16355
./wavs/kws/qualcomm_keyword_speech_dataset/hi_galaxy/SAM/QOAM3SAM155.wav,1,16916
./wavs/kws/qualcomm_keyword_speech_dataset/hi_galaxy/SAM/QOAM3SAM163.wav,1,18547
./wavs/kws/qualcomm_keyword_speech_dataset/hi_galaxy/SAM/QOAM3SAM171.wav,1,16703
./wavs/kws/qualcomm_keyword_speech_dataset/hi_galaxy/KHJ/QOKF3KHJ003.wav,1,16791
./wavs/kws/qualcomm_keyword_speech_dataset/hi_galaxy/KHJ/QOKF3KHJ012.wav,1,19388
./wavs/kws/qualcomm_keyword_speech_dataset/hi_galaxy/KHJ/QOKF3KHJ021.wav,1,21326
./wavs/kws/qualcomm_keyword_speech_dataset/hi_galaxy/KHJ/QOKF3KHJ030.wav,1,17707
./wavs/kws/qualcomm_keyword_speech_dataset/hi_galaxy/KHJ/QOKF3KHJ039.wav,1,19627
./wavs/kws/qualcomm_keyword_speech_dataset/hi_galaxy/KHJ/QOKF3KHJ048.wav,1,19834
./wavs/kws/qualcomm_keyword_speech_dataset/hi_galaxy/KHJ/QOKF3KHJ057.wav,1,20938
./wavs/kws/qualcomm_keyword_speech_dataset/hi_galaxy/KHJ/QOKF3KHJ066.wav,1,19682
./wavs/kws/qualcomm_keyword_speech_dataset/hi_galaxy/KHJ/QOKF3KHJ075.wav,1,20053
./wavs/kws/qualcomm_keyword_speech_dataset/hi_galaxy/KHJ/QOKF3KHJ084.wav,1,20211
./wavs/kws/qualcomm_keyword_speech_dataset/hi_galaxy/KHJ/QOKF3KHJ093.wav,1,20222
./wavs/kws/qualcomm_keyword_speech_dataset/hi_galaxy/KHJ/QOKF3KHJ102.wav,1,21397
./wavs/kws/qualcomm_keyword_speech_dataset/hi_galaxy/KHJ/QOKF3KHJ111.wav,1,20323
./wavs/kws/qualcomm_keyword_speech_dataset/hi_galaxy/KHJ/QOKF3KHJ120.wav,1,19333
./wavs/kws/qualcomm_keyword_speech_dataset/hi_galaxy/KHJ/QOKF3KHJ129.wav,1,19296
./wavs/kws/qualcomm_keyword_speech_dataset/hi_galaxy/KHJ/QOKF3KHJ138.wav,1,20153
./wavs/kws/qualcomm_keyword_speech_dataset/hi_galaxy/KHJ/QOKF3KHJ147.wav,1,19344
./wavs/kws/qualcomm_keyword_speech_dataset/hi_galaxy/KHJ/QOKF3KHJ156.wav,1,17801
./wavs/kws/qualcomm_keyword_speech_dataset/hi_galaxy/KHJ/QOKF3KHJ165.wav,1,20626
./wavs/kws/qualcomm_keyword_speech_dataset/hi_galaxy/KHJ/QOKF3KHJ174.wav,1,19828
./wavs/kws/qualcomm_keyword_speech_dataset/hi_galaxy/KHJ/QOKF3KHJ183.wav,1,19093
./wavs/kws/qualcomm_keyword_speech_dataset/hi_galaxy/KHJ/QOKF3KHJ192.wav,1,19866
./wavs/kws/qualcomm_keyword_speech_dataset/hi_galaxy/SHI/QOAF2SHI003.wav,1,16119
./wavs/kws/qualcomm_keyword_speech_dataset/hi_galaxy/SHI/QOAF2SHI011.wav,1,16794
./wavs/kws/qualcomm_keyword_speech_dataset/hi_galaxy/SHI/QOAF2SHI019.wav,1,18068
./wavs/kws/qualcomm_keyword_speech_dataset/hi_galaxy/SHI/QOAF2SHI027.wav,1,17322
./wavs/kws/qualcomm_keyword_speech_dataset/hi_galaxy/SHI/QOAF2SHI035.wav,1,14556
./wavs/kws/qualcomm_keyword_speech_dataset/hi_galaxy/SHI/QOAF2SHI043.wav,1,14100
./wavs/kws/qualcomm_keyword_speech_dataset/hi_galaxy/SHI/QOAF2SHI051.wav,1,16356
./wavs/kws/qualcomm_keyword_speech_dataset/hi_galaxy/SHI/QOAF2SHI059.wav,1,13361
./wavs/kws/qualcomm_keyword_speech_dataset/hi_galaxy/SHI/QOAF2SHI067.wav,1,13476
./wavs/kws/qualcomm_keyword_speech_dataset/hi_galaxy/SHI/QOAF2SHI075.wav,1,14741
./wavs/kws/qualcomm_keyword_speech_dataset/hi_galaxy/SHI/QOAF2SHI083.wav,1,13560
./wavs/kws/qualcomm_keyword_speech_dataset/hi_galaxy/SHI/QOAF2SHI091.wav,1,13740
./wavs/kws/qualcomm_keyword_speech_dataset/hi_galaxy/SHI/QOAF2SHI099.wav,1,14934
./wavs/kws/qualcomm_keyword_speech_dataset/hi_galaxy/SHI/QOAF2SHI107.wav,1,16060
./wavs/kws/qualcomm_keyword_speech_dataset/hi_galaxy/SHI/QOAF2SHI115.wav,1,14147
./wavs/kws/qualcomm_keyword_speech_dataset/hi_galaxy/SHI/QOAF2SHI123.wav,1,15904
./wavs/kws/qualcomm_keyword_speech_dataset/hi_galaxy/SHI/QOAF2SHI131.wav,1,15824
./wavs/kws/qualcomm_keyword_speech_dataset/hi_galaxy/SHI/QOAF2SHI139.wav,1,15043
./wavs/kws/qualcomm_keyword_speech_dataset/hi_galaxy/SHI/QOAF2SHI147.wav,1,16752
./wavs/kws/qualcomm_keyword_speech_dataset/hi_galaxy/SHI/QOAF2SHI155.wav,1,17047
./wavs/kws/qualcomm_keyword_speech_dataset/hi_galaxy/SHI/QOAF2SHI163.wav,1,16397
./wavs/kws/qualcomm_keyword_speech_dataset/hi_galaxy/SHI/QOAF2SHI171.wav,1,16322
./wavs/kws/qualcomm_keyword_speech_dataset/hi_galaxy/LIS/QOAF4LIS003.wav,1,19740
./wavs/kws/qualcomm_keyword_speech_dataset/hi_galaxy/LIS/QOAF4LIS011.wav,1,22051
./wavs/kws/qualcomm_keyword_speech_dataset/hi_galaxy/LIS/QOAF4LIS019.wav,1,17839
./wavs/kws/qualcomm_keyword_speech_dataset/hi_galaxy/LIS/QOAF4LIS027.wav,1,21555
./wavs/kws/qualcomm_keyword_speech_dataset/hi_galaxy/LIS/QOAF4LIS035.wav,1,19585
./wavs/kws/qualcomm_keyword_speech_dataset/hi_galaxy/LIS/QOAF4LIS043.wav,1,19138
./wavs/kws/qualcomm_keyword_speech_dataset/hi_galaxy/LIS/QOAF4LIS051.wav,1,20430
./wavs/kws/qualcomm_keyword_speech_dataset/hi_galaxy/LIS/QOAF4LIS059.wav,1,18658
./wavs/kws/qualcomm_keyword_speech_dataset/hi_galaxy/LIS/QOAF4LIS067.wav,1,20080
./wavs/kws/qualcomm_keyword_speech_dataset/hi_galaxy/LIS/QOAF4LIS075.wav,1,19064
./wavs/kws/qualcomm_keyword_speech_dataset/hi_galaxy/LIS/QOAF4LIS083.wav,1,18863
./wavs/kws/qualcomm_keyword_speech_dataset/hi_galaxy/LIS/QOAF4LIS091.wav,1,19060
./wavs/kws/qualcomm_keyword_speech_dataset/hi_galaxy/LIS/QOAF4LIS099.wav,1,18416
./wavs/kws/qualcomm_keyword_speech_dataset/hi_galaxy/LIS/QOAF4LIS107.wav,1,18106
./wavs/kws/qualcomm_keyword_speech_dataset/hi_galaxy/LIS/QOAF4LIS115.wav,1,16893
./wavs/kws/qualcomm_keyword_speech_dataset/hi_galaxy/LIS/QOAF4LIS123.wav,1,18842
./wavs/kws/qualcomm_keyword_speech_dataset/hi_galaxy/LIS/QOAF4LIS131.wav,1,16157
./wavs/kws/qualcomm_keyword_speech_dataset/hi_galaxy/LIS/QOAF4LIS139.wav,2624,20659
./wavs/kws/qualcomm_keyword_speech_dataset/hi_galaxy/LIS/QOAF4LIS147.wav,3894,22620
./wavs/kws/qualcomm_keyword_speech_dataset/hi_galaxy/LIS/QOAF4LIS155.wav,3070,20612
./wavs/kws/qualcomm_keyword_speech_dataset/hi_galaxy/LIS/QOAF4LIS163.wav,1737,18327
./wavs/kws/qualcomm_keyword_speech_dataset/hi_galaxy/LIS/QOAF4LIS171.wav,731,15249
./wavs/kws/qualcomm_keyword_speech_dataset/hi_galaxy/JJO/QOKF5JJO003.wav,153,24879
./wavs/kws/qualcomm_keyword_speech_dataset/hi_galaxy/JJO/QOKF5JJO012.wav,445,19831
./wavs/kws/qualcomm_keyword_speech_dataset/hi_galaxy/JJO/QOKF5JJO021.wav,1,19686
./wavs/kws/qualcomm_keyword_speech_dataset/hi_galaxy/JJO/QOKF5JJO030.wav,1,20874
./wavs/kws/qualcomm_keyword_speech_dataset/hi_galaxy/JJO/QOKF5JJO039.wav,1,17793
./wavs/kws/qualcomm_keyword_speech_dataset/hi_galaxy/JJO/QOKF5JJO048.wav,2107,23276
./wavs/kws/qualcomm_keyword_speech_dataset/hi_galaxy/JJO/QOKF5JJO057.wav,2001,22833
./wavs/kws/qualcomm_keyword_speech_dataset/hi_galaxy/JJO/QOKF5JJO066.wav,2639,21819
./wavs/kws/qualcomm_keyword_speech_dataset/hi_galaxy/JJO/QOKF5JJO075.wav,846,21279
./wavs/kws/qualcomm_keyword_speech_dataset/hi_galaxy/JJO/QOKF5JJO084.wav,119,19383
./wavs/kws/qualcomm_keyword_speech_dataset/hi_galaxy/JJO/QOKF5JJO093.wav,1391,20792
./wavs/kws/qualcomm_keyword_speech_dataset/hi_galaxy/JJO/QOKF5JJO102.wav,1577,21301
./wavs/kws/qualcomm_keyword_speech_dataset/hi_galaxy/JJO/QOKF5JJO111.wav,744,19544
./wavs/kws/qualcomm_keyword_speech_dataset/hi_galaxy/JJO/QOKF5JJO120.wav,427,20080
./wavs/kws/qualcomm_keyword_speech_dataset/hi_galaxy/JJO/QOKF5JJO129.wav,985,17885
./wavs/kws/qualcomm_keyword_speech_dataset/hi_galaxy/JJO/QOKF5JJO138.wav,43,15539
./wavs/kws/qualcomm_keyword_speech_dataset/hi_galaxy/JJO/QOKF5JJO147.wav,174,16679
./wavs/kws/qualcomm_keyword_speech_dataset/hi_galaxy/JJO/QOKF5JJO156.wav,1419,21505
./wavs/kws/qualcomm_keyword_speech_dataset/hi_galaxy/JJO/QOKF5JJO165.wav,1986,20905
./wavs/kws/qualcomm_keyword_speech_dataset/hi_galaxy/JJO/QOKF5JJO174.wav,1551,21732
./wavs/kws/qualcomm_keyword_speech_dataset/hi_galaxy/JJO/QOKF5JJO183.wav,916,16901
./wavs/kws/qualcomm_keyword_speech_dataset/hi_galaxy/JJO/QOKF5JJO192.wav,887,19651
./wavs/kws/qualcomm_keyword_speech_dataset/hi_galaxy/HIL/QOAF2HIL003.wav,1,16455
./wavs/kws/qualcomm_keyword_speech_dataset/hi_galaxy/HIL/QOAF2HIL011.wav,1,16559
./wavs/kws/qualcomm_keyword_speech_dataset/hi_galaxy/HIL/QOAF2HIL019.wav,1,17287
./wavs/kws/qualcomm_keyword_speech_dataset/hi_galaxy/HIL/QOAF2HIL027.wav,1,17309
./wavs/kws/qualcomm_keyword_speech_dataset/hi_galaxy/HIL/QOAF2HIL035.wav,1,15772
./wavs/kws/qualcomm_keyword_speech_dataset/hi_galaxy/HIL/QOAF2HIL043.wav,1,16436
./wavs/kws/qualcomm_keyword_speech_dataset/hi_galaxy/HIL/QOAF2HIL051.wav,1,14996
./wavs/kws/qualcomm_keyword_speech_dataset/hi_galaxy/HIL/QOAF2HIL059.wav,1,16198
./wavs/kws/qualcomm_keyword_speech_dataset/hi_galaxy/HIL/QOAF2HIL067.wav,1,16449
./wavs/kws/qualcomm_keyword_speech_dataset/hi_galaxy/HIL/QOAF2HIL075.wav,1,16292
./wavs/kws/qualcomm_keyword_speech_dataset/hi_galaxy/HIL/QOAF2HIL083.wav,1,16842
./wavs/kws/qualcomm_keyword_speech_dataset/hi_galaxy/HIL/QOAF2HIL091.wav,1,14455
./wavs/kws/qualcomm_keyword_speech_dataset/hi_galaxy/HIL/QOAF2HIL099.wav,1,16263
./wavs/kws/qualcomm_keyword_speech_dataset/hi_galaxy/HIL/QOAF2HIL107.wav,1,14247
./wavs/kws/qualcomm_keyword_speech_dataset/hi_galaxy/HIL/QOAF2HIL115.wav,1,16258
./wavs/kws/qualcomm_keyword_speech_dataset/hi_galaxy/HIL/QOAF2HIL123.wav,1,15551
./wavs/kws/qualcomm_keyword_speech_dataset/hi_galaxy/HIL/QOAF2HIL131.wav,1,15957
./wavs/kws/qualcomm_keyword_speech_dataset/hi_galaxy/HIL/QOAF2HIL139.wav,1,15662
./wavs/kws/qualcomm_keyword_speech_dataset/hi_galaxy/HIL/QOAF2HIL147.wav,1,16812
./wavs/kws/qualcomm_keyword_speech_dataset/hi_galaxy/HIL/QOAF2HIL155.wav,1,16883
./wavs/kws/qualcomm_keyword_speech_dataset/hi_galaxy/HIL/QOAF2HIL163.wav,1,16508
./wavs/kws/qualcomm_keyword_speech_dataset/hi_galaxy/HIL/QOAF2HIL171.wav,1,15716
./wavs/kws/qualcomm_keyword_speech_dataset/hi_galaxy/HIL/QOAF2HIL179.wav,1,16890
./wavs/kws/qualcomm_keyword_speech_dataset/hi_galaxy/CAS/QOAF2CAS003.wav,1,13563
./wavs/kws/qualcomm_keyword_speech_dataset/hi_galaxy/CAS/QOAF2CAS011.wav,1,14947
./wavs/kws/qualcomm_keyword_speech_dataset/hi_galaxy/CAS/QOAF2CAS019.wav,1,14151
./wavs/kws/qualcomm_keyword_speech_dataset/hi_galaxy/CAS/QOAF2CAS027.wav,1,14186
./wavs/kws/qualcomm_keyword_speech_dataset/hi_galaxy/CAS/QOAF2CAS035.wav,1,15242
./wavs/kws/qualcomm_keyword_speech_dataset/hi_galaxy/CAS/QOAF2CAS043.wav,1,16085
./wavs/kws/qualcomm_keyword_speech_dataset/hi_galaxy/CAS/QOAF2CAS051.wav,1,15356
./wavs/kws/qualcomm_keyword_speech_dataset/hi_galaxy/CAS/QOAF2CAS059.wav,1,15315
./wavs/kws/qualcomm_keyword_speech_dataset/hi_galaxy/CAS/QOAF2CAS067.wav,1,15605
./wavs/kws/qualcomm_keyword_speech_dataset/hi_galaxy/CAS/QOAF2CAS075.wav,1,14693
./wavs/kws/qualcomm_keyword_speech_dataset/hi_galaxy/CAS/QOAF2CAS083.wav,1,14313
./wavs/kws/qualcomm_keyword_speech_dataset/hi_galaxy/CAS/QOAF2CAS091.wav,1,15030
./wavs/kws/qualcomm_keyword_speech_dataset/hi_galaxy/CAS/QOAF2CAS099.wav,1,15080
./wavs/kws/qualcomm_keyword_speech_dataset/hi_galaxy/CAS/QOAF2CAS107.wav,1,14570
./wavs/kws/qualcomm_keyword_speech_dataset/hi_galaxy/CAS/QOAF2CAS115.wav,1,14121
./wavs/kws/qualcomm_keyword_speech_dataset/hi_galaxy/CAS/QOAF2CAS123.wav,1,16028
./wavs/kws/qualcomm_keyword_speech_dataset/hi_galaxy/CAS/QOAF2CAS131.wav,1,13473
./wavs/kws/qualcomm_keyword_speech_dataset/hi_galaxy/CAS/QOAF2CAS139.wav,1,15549
./wavs/kws/qualcomm_keyword_speech_dataset/hi_galaxy/CAS/QOAF2CAS147.wav,1,14310
./wavs/kws/qualcomm_keyword_speech_dataset/hi_galaxy/CAS/QOAF2CAS155.wav,1,13831
./wavs/kws/qualcomm_keyword_speech_dataset/hi_galaxy/CAS/QOAF2CAS163.wav,1,14541
./wavs/kws/qualcomm_keyword_speech_dataset/hi_galaxy/CAS/QOAF2CAS171.wav,1,14351
./wavs/kws/qualcomm_keyword_speech_dataset/hi_galaxy/GJR/QOAM2GJR003.wav,1,14470
./wavs/kws/qualcomm_keyword_speech_dataset/hi_galaxy/GJR/QOAM2GJR011.wav,1,13795
./wavs/kws/qualcomm_keyword_speech_dataset/hi_galaxy/GJR/QOAM2GJR019.wav,1,14237
./wavs/kws/qualcomm_keyword_speech_dataset/hi_galaxy/GJR/QOAM2GJR027.wav,1,14520
./wavs/kws/qualcomm_keyword_speech_dataset/hi_galaxy/GJR/QOAM2GJR035.wav,1,13580
./wavs/kws/qualcomm_keyword_speech_dataset/hi_galaxy/GJR/QOAM2GJR043.wav,1,12667
./wavs/kws/qualcomm_keyword_speech_dataset/hi_galaxy/GJR/QOAM2GJR051.wav,1,13044
./wavs/kws/qualcomm_keyword_speech_dataset/hi_galaxy/GJR/QOAM2GJR059.wav,1,13710
./wavs/kws/qualcomm_keyword_speech_dataset/hi_galaxy/GJR/QOAM2GJR067.wav,1,13672
./wavs/kws/qualcomm_keyword_speech_dataset/hi_galaxy/GJR/QOAM2GJR075.wav,1,12691
./wavs/kws/qualcomm_keyword_speech_dataset/hi_galaxy/GJR/QOAM2GJR083.wav,1,14525
./wavs/kws/qualcomm_keyword_speech_dataset/hi_galaxy/GJR/QOAM2GJR091.wav,1,13554
./wavs/kws/qualcomm_keyword_speech_dataset/hi_galaxy/GJR/QOAM2GJR099.wav,1,15049
./wavs/kws/qualcomm_keyword_speech_dataset/hi_galaxy/GJR/QOAM2GJR107.wav,1,13556
./wavs/kws/qualcomm_keyword_speech_dataset/hi_galaxy/GJR/QOAM2GJR115.wav,1,14910
./wavs/kws/qualcomm_keyword_speech_dataset/hi_galaxy/GJR/QOAM2GJR123.wav,1,13307
./wavs/kws/qualcomm_keyword_speech_dataset/hi_galaxy/GJR/QOAM2GJR131.wav,1,13388
./wavs/kws/qualcomm_keyword_speech_dataset/hi_galaxy/GJR/QOAM2GJR139.wav,1,13485
./wavs/kws/qualcomm_keyword_speech_dataset/hi_galaxy/GJR/QOAM2GJR147.wav,1,13891
./wavs/kws/qualcomm_keyword_speech_dataset/hi_galaxy/GJR/QOAM2GJR155.wav,1,13071
./wavs/kws/qualcomm_keyword_speech_dataset/hi_galaxy/GJR/QOAM2GJR163.wav,1,13549
./wavs/kws/qualcomm_keyword_speech_dataset/hi_galaxy/GJR/QOAM2GJR171.wav,1,13985
./wavs/kws/qualcomm_keyword_speech_dataset/hi_galaxy/HNR/QOKF2HNR003.wav,1,19148
./wavs/kws/qualcomm_keyword_speech_dataset/hi_galaxy/HNR/QOKF2HNR012.wav,1,19918
./wavs/kws/qualcomm_keyword_speech_dataset/hi_galaxy/HNR/QOKF2HNR021.wav,1,22019
./wavs/kws/qualcomm_keyword_speech_dataset/hi_galaxy/HNR/QOKF2HNR030.wav,1,19198
./wavs/kws/qualcomm_keyword_speech_dataset/hi_galaxy/HNR/QOKF2HNR039.wav,1,20053
./wavs/kws/qualcomm_keyword_speech_dataset/hi_galaxy/HNR/QOKF2HNR048.wav,1,20577
./wavs/kws/qualcomm_keyword_speech_dataset/hi_galaxy/HNR/QOKF2HNR057.wav,1,21519
./wavs/kws/qualcomm_keyword_speech_dataset/hi_galaxy/HNR/QOKF2HNR066.wav,1,21464
./wavs/kws/qualcomm_keyword_speech_dataset/hi_galaxy/HNR/QOKF2HNR075.wav,1,19946
./wavs/kws/qualcomm_keyword_speech_dataset/hi_galaxy/HNR/QOKF2HNR084.wav,1,20177
./wavs/kws/qualcomm_keyword_speech_dataset/hi_galaxy/HNR/QOKF2HNR093.wav,1,21086
./wavs/kws/qualcomm_keyword_speech_dataset/hi_galaxy/HNR/QOKF2HNR102.wav,1,22093
./wavs/kws/qualcomm_keyword_speech_dataset/hi_galaxy/HNR/QOKF2HNR111.wav,1,19886
./wavs/kws/qualcomm_keyword_speech_dataset/hi_galaxy/HNR/QOKF2HNR120.wav,1,20558
./wavs/kws/qualcomm_keyword_speech_dataset/hi_galaxy/HNR/QOKF2HNR129.wav,1,22178
./wavs/kws/qualcomm_keyword_speech_dataset/hi_galaxy/HNR/QOKF2HNR138.wav,1,21968
./wavs/kws/qualcomm_keyword_speech_dataset/hi_galaxy/HNR/QOKF2HNR147.wav,1,21426
./wavs/kws/qualcomm_keyword_speech_dataset/hi_galaxy/HNR/QOKF2HNR156.wav,1,23504
./wavs/kws/qualcomm_keyword_speech_dataset/hi_galaxy/HNR/QOKF2HNR165.wav,1,20701
./wavs/kws/qualcomm_keyword_speech_dataset/hi_galaxy/HNR/QOKF2HNR174.wav,1,24207
./wavs/kws/qualcomm_keyword_speech_dataset/hi_galaxy/HNR/QOKF2HNR183.wav,1,21866
./wavs/kws/qualcomm_keyword_speech_dataset/hi_galaxy/HNR/QOKF2HNR192.wav,1,22540
./wavs/kws/qualcomm_keyword_speech_dataset/hi_galaxy/GAS/QOAM3GAS003.wav,1,19682
./wavs/kws/qualcomm_keyword_speech_dataset/hi_galaxy/GAS/QOAM3GAS011.wav,1,16200
./wavs/kws/qualcomm_keyword_speech_dataset/hi_galaxy/GAS/QOAM3GAS019.wav,1,18208
./wavs/kws/qualcomm_keyword_speech_dataset/hi_galaxy/GAS/QOAM3GAS027.wav,1,17530
./wavs/kws/qualcomm_keyword_speech_dataset/hi_galaxy/GAS/QOAM3GAS035.wav,1,20207
./wavs/kws/qualcomm_keyword_speech_dataset/hi_galaxy/GAS/QOAM3GAS043.wav,1,15594
./wavs/kws/qualcomm_keyword_speech_dataset/hi_galaxy/GAS/QOAM3GAS051.wav,1,19365
./wavs/kws/qualcomm_keyword_speech_dataset/hi_galaxy/GAS/QOAM3GAS059.wav,1,17042
./wavs/kws/qualcomm_keyword_speech_dataset/hi_galaxy/GAS/QOAM3GAS067.wav,1,19437
./wavs/kws/qualcomm_keyword_speech_dataset/hi_galaxy/GAS/QOAM3GAS075.wav,1,18804
./wavs/kws/qualcomm_keyword_speech_dataset/hi_galaxy/GAS/QOAM3GAS083.wav,1,20083
./wavs/kws/qualcomm_keyword_speech_dataset/hi_galaxy/GAS/QOAM3GAS091.wav,1,19583
./wavs/kws/qualcomm_keyword_speech_dataset/hi_galaxy/GAS/QOAM3GAS099.wav,1,18794
./wavs/kws/qualcomm_keyword_speech_dataset/hi_galaxy/GAS/QOAM3GAS107.wav,1,17845
./wavs/kws/qualcomm_keyword_speech_dataset/hi_galaxy/GAS/QOAM3GAS115.wav,1,19409
./wavs/kws/qualcomm_keyword_speech_dataset/hi_galaxy/GAS/QOAM3GAS123.wav,1,15849
./wavs/kws/qualcomm_keyword_speech_dataset/hi_galaxy/GAS/QOAM3GAS131.wav,1,20411
./wavs/kws/qualcomm_keyword_speech_dataset/hi_galaxy/GAS/QOAM3GAS139.wav,1,17329
./wavs/kws/qualcomm_keyword_speech_dataset/hi_galaxy/GAS/QOAM3GAS147.wav,1,20219
./wavs/kws/qualcomm_keyword_speech_dataset/hi_galaxy/GAS/QOAM3GAS155.wav,1,17515
./wavs/kws/qualcomm_keyword_speech_dataset/hi_galaxy/GAS/QOAM3GAS163.wav,1,20077
./wavs/kws/qualcomm_keyword_speech_dataset/hi_galaxy/GAS/QOAM3GAS171.wav,1,18609
./wavs/kws/qualcomm_keyword_speech_dataset/hi_galaxy/LSS/QOKF2LSS003.wav,1,19647
./wavs/kws/qualcomm_keyword_speech_dataset/hi_galaxy/LSS/QOKF2LSS012.wav,1,17218
./wavs/kws/qualcomm_keyword_speech_dataset/hi_galaxy/LSS/QOKF2LSS021.wav,1,18964
./wavs/kws/qualcomm_keyword_speech_dataset/hi_galaxy/LSS/QOKF2LSS030.wav,1,21200
./wavs/kws/qualcomm_keyword_speech_dataset/hi_galaxy/LSS/QOKF2LSS039.wav,1,20537
./wavs/kws/qualcomm_keyword_speech_dataset/hi_galaxy/LSS/QOKF2LSS048.wav,1,18268
./wavs/kws/qualcomm_keyword_speech_dataset/hi_galaxy/LSS/QOKF2LSS057.wav,1,22177
./wavs/kws/qualcomm_keyword_speech_dataset/hi_galaxy/LSS/QOKF2LSS066.wav,1,21856
./wavs/kws/qualcomm_keyword_speech_dataset/hi_galaxy/LSS/QOKF2LSS075.wav,1,18070
./wavs/kws/qualcomm_keyword_speech_dataset/hi_galaxy/LSS/QOKF2LSS084.wav,1,21042
./wavs/kws/qualcomm_keyword_speech_dataset/hi_galaxy/LSS/QOKF2LSS093.wav,1,22849
./wavs/kws/qualcomm_keyword_speech_dataset/hi_galaxy/LSS/QOKF2LSS102.wav,1,20155
./wavs/kws/qualcomm_keyword_speech_dataset/hi_galaxy/LSS/QOKF2LSS111.wav,1,18974
./wavs/kws/qualcomm_keyword_speech_dataset/hi_galaxy/LSS/QOKF2LSS120.wav,1,19947
./wavs/kws/qualcomm_keyword_speech_dataset/hi_galaxy/LSS/QOKF2LSS129.wav,1,21169
./wavs/kws/qualcomm_keyword_speech_dataset/hi_galaxy/LSS/QOKF2LSS138.wav,1,19723
./wavs/kws/qualcomm_keyword_speech_dataset/hi_galaxy/LSS/QOKF2LSS147.wav,1,21692
./wavs/kws/qualcomm_keyword_speech_dataset/hi_galaxy/LSS/QOKF2LSS156.wav,1,21979
./wavs/kws/qualcomm_keyword_speech_dataset/hi_galaxy/LSS/QOKF2LSS165.wav,1,22182
./wavs/kws/qualcomm_keyword_speech_dataset/hi_galaxy/LSS/QOKF2LSS174.wav,1,21503
./wavs/kws/qualcomm_keyword_speech_dataset/hi_galaxy/LSS/QOKF2LSS183.wav,1,20338
./wavs/kws/qualcomm_keyword_speech_dataset/hi_galaxy/LSS/QOKF2LSS192.wav,1,22308
./wavs/kws/qualcomm_keyword_speech_dataset/hi_galaxy/LSS/QOKF2LSS201.wav,1,22780
./wavs/kws/qualcomm_keyword_speech_dataset/hi_galaxy/ILI/QOAF1ILI003.wav,1,18221
./wavs/kws/qualcomm_keyword_speech_dataset/hi_galaxy/ILI/QOAF1ILI011.wav,1,21738
./wavs/kws/qualcomm_keyword_speech_dataset/hi_galaxy/ILI/QOAF1ILI019.wav,1,19383
./wavs/kws/qualcomm_keyword_speech_dataset/hi_galaxy/ILI/QOAF1ILI027.wav,1,18229
./wavs/kws/qualcomm_keyword_speech_dataset/hi_galaxy/ILI/QOAF1ILI035.wav,1,21634
./wavs/kws/qualcomm_keyword_speech_dataset/hi_galaxy/ILI/QOAF1ILI043.wav,1,21177
./wavs/kws/qualcomm_keyword_speech_dataset/hi_galaxy/ILI/QOAF1ILI051.wav,1,21151
./wavs/kws/qualcomm_keyword_speech_dataset/hi_galaxy/ILI/QOAF1ILI059.wav,1,22490
./wavs/kws/qualcomm_keyword_speech_dataset/hi_galaxy/ILI/QOAF1ILI067.wav,1,18421
./wavs/kws/qualcomm_keyword_speech_dataset/hi_galaxy/ILI/QOAF1ILI075.wav,1,23633
./wavs/kws/qualcomm_keyword_speech_dataset/hi_galaxy/ILI/QOAF1ILI083.wav,1,21847
./wavs/kws/qualcomm_keyword_speech_dataset/hi_galaxy/ILI/QOAF1ILI091.wav,1,21831
./wavs/kws/qualcomm_keyword_speech_dataset/hi_galaxy/ILI/QOAF1ILI099.wav,1,21093
./wavs/kws/qualcomm_keyword_speech_dataset/hi_galaxy/ILI/QOAF1ILI107.wav,1,17536
./wavs/kws/qualcomm_keyword_speech_dataset/hi_galaxy/ILI/QOAF1ILI115.wav,1,23904
./wavs/kws/qualcomm_keyword_speech_dataset/hi_galaxy/ILI/QOAF1ILI123.wav,1,19618
./wavs/kws/qualcomm_keyword_speech_dataset/hi_galaxy/ILI/QOAF1ILI131.wav,1,19739
./wavs/kws/qualcomm_keyword_speech_dataset/hi_galaxy/ILI/QOAF1ILI139.wav,1,18612
./wavs/kws/qualcomm_keyword_speech_dataset/hi_galaxy/ILI/QOAF1ILI147.wav,1,19812
./wavs/kws/qualcomm_keyword_speech_dataset/hi_galaxy/ILI/QOAF1ILI155.wav,1,20185
./wavs/kws/qualcomm_keyword_speech_dataset/hi_galaxy/ILI/QOAF1ILI163.wav,1,20801
./wavs/kws/qualcomm_keyword_speech_dataset/hi_galaxy/ILI/QOAF1ILI171.wav,1,17034
./wavs/kws/qualcomm_keyword_speech_dataset/hi_galaxy/JES/QOAM1JES003.wav,1,21191
./wavs/kws/qualcomm_keyword_speech_dataset/hi_galaxy/JES/QOAM1JES011.wav,1,23581
./wavs/kws/qualcomm_keyword_speech_dataset/hi_galaxy/JES/QOAM1JES019.wav,1,26270
./wavs/kws/qualcomm_keyword_speech_dataset/hi_galaxy/JES/QOAM1JES027.wav,1,24889
./wavs/kws/qualcomm_keyword_speech_dataset/hi_galaxy/JES/QOAM1JES035.wav,1,21014
./wavs/kws/qualcomm_keyword_speech_dataset/hi_galaxy/JES/QOAM1JES043.wav,1,22556
./wavs/kws/qualcomm_keyword_speech_dataset/hi_galaxy/JES/QOAM1JES051.wav,1841,21854
./wavs/kws/qualcomm_keyword_speech_dataset/hi_galaxy/JES/QOAM1JES059.wav,1543,18703
./wavs/kws/qualcomm_keyword_speech_dataset/hi_galaxy/JES/QOAM1JES067.wav,1,25340
./wavs/kws/qualcomm_keyword_speech_dataset/hi_galaxy/JES/QOAM1JES075.wav,1,23173
./wavs/kws/qualcomm_keyword_speech_dataset/hi_galaxy/JES/QOAM1JES083.wav,1,25887
./wavs/kws/qualcomm_keyword_speech_dataset/hi_galaxy/JES/QOAM1JES091.wav,1,20366
./wavs/kws/qualcomm_keyword_speech_dataset/hi_galaxy/JES/QOAM1JES099.wav,1,22231
./wavs/kws/qualcomm_keyword_speech_dataset/hi_galaxy/JES/QOAM1JES107.wav,1,25429
./wavs/kws/qualcomm_keyword_speech_dataset/hi_galaxy/JES/QOAM1JES115.wav,1,23073
./wavs/kws/qualcomm_keyword_speech_dataset/hi_galaxy/JES/QOAM1JES123.wav,3003,24175
./wavs/kws/qualcomm_keyword_speech_dataset/hi_galaxy/JES/QOAM1JES131.wav,709,18335
./wavs/kws/qualcomm_keyword_speech_dataset/hi_galaxy/JES/QOAM1JES139.wav,2311,23094
./wavs/kws/qualcomm_keyword_speech_dataset/hi_galaxy/JES/QOAM1JES147.wav,2490,22898
./wavs/kws/qualcomm_keyword_speech_dataset/hi_galaxy/JES/QOAM1JES155.wav,3846,27810
./wavs/kws/qualcomm_keyword_speech_dataset/hi_galaxy/JES/QOAM1JES163.wav,1756,22236
./wavs/kws/qualcomm_keyword_speech_dataset/hi_galaxy/JES/QOAM1JES171.wav,1557,21270
./wavs/kws/qualcomm_keyword_speech_dataset/hi_galaxy/KWM/QOKM3KWM003.wav,1,15564
./wavs/kws/qualcomm_keyword_speech_dataset/hi_galaxy/KWM/QOKM3KWM012.wav,1,15760
./wavs/kws/qualcomm_keyword_speech_dataset/hi_galaxy/KWM/QOKM3KWM021.wav,1,17071
./wavs/kws/qualcomm_keyword_speech_dataset/hi_galaxy/KWM/QOKM3KWM030.wav,1,16149
./wavs/kws/qualcomm_keyword_speech_dataset/hi_galaxy/KWM/QOKM3KWM039.wav,1,16820
./wavs/kws/qualcomm_keyword_speech_dataset/hi_galaxy/KWM/QOKM3KWM048.wav,1,16031
./wavs/kws/qualcomm_keyword_speech_dataset/hi_galaxy/KWM/QOKM3KWM057.wav,1,16151
./wavs/kws/qualcomm_keyword_speech_dataset/hi_galaxy/KWM/QOKM3KWM066.wav,1,16988
./wavs/kws/qualcomm_keyword_speech_dataset/hi_galaxy/KWM/QOKM3KWM075.wav,1,16750
./wavs/kws/qualcomm_keyword_speech_dataset/hi_galaxy/KWM/QOKM3KWM084.wav,1,16839
./wavs/kws/qualcomm_keyword_speech_dataset/hi_galaxy/KWM/QOKM3KWM093.wav,1,16408
./wavs/kws/qualcomm_keyword_speech_dataset/hi_galaxy/KWM/QOKM3KWM102.wav,1,17642
./wavs/kws/qualcomm_keyword_speech_dataset/hi_galaxy/KWM/QOKM3KWM111.wav,1,15647
./wavs/kws/qualcomm_keyword_speech_dataset/hi_galaxy/KWM/QOKM3KWM120.wav,1,17180
./wavs/kws/qualcomm_keyword_speech_dataset/hi_galaxy/KWM/QOKM3KWM129.wav,1,16284
./wavs/kws/qualcomm_keyword_speech_dataset/hi_galaxy/KWM/QOKM3KWM138.wav,1,16381
./wavs/kws/qualcomm_keyword_speech_dataset/hi_galaxy/KWM/QOKM3KWM147.wav,1,17181
./wavs/kws/qualcomm_keyword_speech_dataset/hi_galaxy/KWM/QOKM3KWM156.wav,1,17816
./wavs/kws/qualcomm_keyword_speech_dataset/hi_galaxy/KWM/QOKM3KWM165.wav,1,16780
./wavs/kws/qualcomm_keyword_speech_dataset/hi_galaxy/KWM/QOKM3KWM174.wav,1,17694
./wavs/kws/qualcomm_keyword_speech_dataset/hi_galaxy/KWM/QOKM3KWM183.wav,1,17286
./wavs/kws/qualcomm_keyword_speech_dataset/hi_galaxy/KWM/QOKM3KWM192.wav,1,17442
./wavs/kws/qualcomm_keyword_speech_dataset/hi_galaxy/NOB/QOAM5NOB003.wav,1,16793
./wavs/kws/qualcomm_keyword_speech_dataset/hi_galaxy/NOB/QOAM5NOB011.wav,1,16492
./wavs/kws/qualcomm_keyword_speech_dataset/hi_galaxy/NOB/QOAM5NOB019.wav,1,18707
./wavs/kws/qualcomm_keyword_speech_dataset/hi_galaxy/NOB/QOAM5NOB027.wav,1,18312
./wavs/kws/qualcomm_keyword_speech_dataset/hi_galaxy/NOB/QOAM5NOB035.wav,1,21103
./wavs/kws/qualcomm_keyword_speech_dataset/hi_galaxy/NOB/QOAM5NOB043.wav,1,18156
./wavs/kws/qualcomm_keyword_speech_dataset/hi_galaxy/NOB/QOAM5NOB051.wav,1,18059
./wavs/kws/qualcomm_keyword_speech_dataset/hi_galaxy/NOB/QOAM5NOB059.wav,1,15568
./wavs/kws/qualcomm_keyword_speech_dataset/hi_galaxy/NOB/QOAM5NOB067.wav,1,17675
./wavs/kws/qualcomm_keyword_speech_dataset/hi_galaxy/NOB/QOAM5NOB075.wav,1,16777
./wavs/kws/qualcomm_keyword_speech_dataset/hi_galaxy/NOB/QOAM5NOB083.wav,1,16329
./wavs/kws/qualcomm_keyword_speech_dataset/hi_galaxy/NOB/QOAM5NOB091.wav,1,17887
./wavs/kws/qualcomm_keyword_speech_dataset/hi_galaxy/NOB/QOAM5NOB099.wav,1,15510
./wavs/kws/qualcomm_keyword_speech_dataset/hi_galaxy/NOB/QOAM5NOB107.wav,1,15569
./wavs/kws/qualcomm_keyword_speech_dataset/hi_galaxy/NOB/QOAM5NOB115.wav,1,16158
./wavs/kws/qualcomm_keyword_speech_dataset/hi_galaxy/NOB/QOAM5NOB123.wav,1,15047
./wavs/kws/qualcomm_keyword_speech_dataset/hi_galaxy/NOB/QOAM5NOB131.wav,1,19569
./wavs/kws/qualcomm_keyword_speech_dataset/hi_galaxy/NOB/QOAM5NOB139.wav,1,18251
./wavs/kws/qualcomm_keyword_speech_dataset/hi_galaxy/NOB/QOAM5NOB147.wav,1,17474
./wavs/kws/qualcomm_keyword_speech_dataset/hi_galaxy/NOB/QOAM5NOB155.wav,1735,16401
./wavs/kws/qualcomm_keyword_speech_dataset/hi_galaxy/NOB/QOAM5NOB163.wav,1,14798
./wavs/kws/qualcomm_keyword_speech_dataset/hi_galaxy/NOB/QOAM5NOB171.wav,1,15000
./wavs/kws/qualcomm_keyword_speech_dataset/hi_galaxy/JEF/QOAM4JEF003.wav,3768,16567
./wavs/kws/qualcomm_keyword_speech_dataset/hi_galaxy/JEF/QOAM4JEF011.wav,2822,16727
./wavs/kws/qualcomm_keyword_speech_dataset/hi_galaxy/JEF/QOAM4JEF019.wav,1,15983
./wavs/kws/qualcomm_keyword_speech_dataset/hi_galaxy/JEF/QOAM4JEF027.wav,1,16390
./wavs/kws/qualcomm_keyword_speech_dataset/hi_galaxy/JEF/QOAM4JEF035.wav,1,16936
./wavs/kws/qualcomm_keyword_speech_dataset/hi_galaxy/JEF/QOAM4JEF043.wav,1,21033
./wavs/kws/qualcomm_keyword_speech_dataset/hi_galaxy/JEF/QOAM4JEF051.wav,1,19967
./wavs/kws/qualcomm_keyword_speech_dataset/hi_galaxy/JEF/QOAM4JEF059.wav,1,19766
./wavs/kws/qualcomm_keyword_speech_dataset/hi_galaxy/JEF/QOAM4JEF067.wav,1,22079
./wavs/kws/qualcomm_keyword_speech_dataset/hi_galaxy/JEF/QOAM4JEF075.wav,1,27386
./wavs/kws/qualcomm_keyword_speech_dataset/hi_galaxy/JEF/QOAM4JEF083.wav,1,22969
./wavs/kws/qualcomm_keyword_speech_dataset/hi_galaxy/JEF/QOAM4JEF091.wav,1,24503
./wavs/kws/qualcomm_keyword_speech_dataset/hi_galaxy/JEF/QOAM4JEF099.wav,1,22599
./wavs/kws/qualcomm_keyword_speech_dataset/hi_galaxy/JEF/QOAM4JEF107.wav,1,21198
./wavs/kws/qualcomm_keyword_speech_dataset/hi_galaxy/JEF/QOAM4JEF115.wav,1,26475
./wavs/kws/qualcomm_keyword_speech_dataset/hi_galaxy/JEF/QOAM4JEF123.wav,1,21624
./wavs/kws/qualcomm_keyword_speech_dataset/hi_galaxy/JEF/QOAM4JEF131.wav,1,21123
./wavs/kws/qualcomm_keyword_speech_dataset/hi_galaxy/JEF/QOAM4JEF139.wav,3066,26988
./wavs/kws/qualcomm_keyword_speech_dataset/hi_galaxy/JEF/QOAM4JEF147.wav,1,17586
./wavs/kws/qualcomm_keyword_speech_dataset/hi_galaxy/JEF/QOAM4JEF155.wav,1,23342
./wavs/kws/qualcomm_keyword_speech_dataset/hi_galaxy/JEF/QOAM4JEF163.wav,1,19731
./wavs/kws/qualcomm_keyword_speech_dataset/hi_galaxy/JEF/QOAM4JEF171.wav,1,22472
./wavs/kws/qualcomm_keyword_speech_dataset/hi_galaxy/JON/QOAM3JON003.wav,250,10186
./wavs/kws/qualcomm_keyword_speech_dataset/hi_galaxy/JON/QOAM3JON011.wav,80,11165
./wavs/kws/qualcomm_keyword_speech_dataset/hi_galaxy/JON/QOAM3JON019.wav,1,10641
./wavs/kws/qualcomm_keyword_speech_dataset/hi_galaxy/JON/QOAM3JON027.wav,1,11501
./wavs/kws/qualcomm_keyword_speech_dataset/hi_galaxy/JON/QOAM3JON035.wav,1,11942
./wavs/kws/qualcomm_keyword_speech_dataset/hi_galaxy/JON/QOAM3JON043.wav,1,12110
./wavs/kws/qualcomm_keyword_speech_dataset/hi_galaxy/JON/QOAM3JON051.wav,1,10150
./wavs/kws/qualcomm_keyword_speech_dataset/hi_galaxy/JON/QOAM3JON059.wav,1,10189
./wavs/kws/qualcomm_keyword_speech_dataset/hi_galaxy/JON/QOAM3JON067.wav,1,8949
./wavs/kws/qualcomm_keyword_speech_dataset/hi_galaxy/JON/QOAM3JON075.wav,1,11350
./wavs/kws/qualcomm_keyword_speech_dataset/hi_galaxy/JON/QOAM3JON083.wav,1,10567
./wavs/kws/qualcomm_keyword_speech_dataset/hi_galaxy/JON/QOAM3JON091.wav,1,11382
./wavs/kws/qualcomm_keyword_speech_dataset/hi_galaxy/JON/QOAM3JON099.wav,1,10985
./wavs/kws/qualcomm_keyword_speech_dataset/hi_galaxy/JON/QOAM3JON107.wav,1,11301
./wavs/kws/qualcomm_keyword_speech_dataset/hi_galaxy/JON/QOAM3JON115.wav,1,11999
./wavs/kws/qualcomm_keyword_speech_dataset/hi_galaxy/JON/QOAM3JON123.wav,1,11612
./wavs/kws/qualcomm_keyword_speech_dataset/hi_galaxy/JON/QOAM3JON131.wav,1,10216
./wavs/kws/qualcomm_keyword_speech_dataset/hi_galaxy/JON/QOAM3JON139.wav,1,11265
./wavs/kws/qualcomm_keyword_speech_dataset/hi_galaxy/JON/QOAM3JON147.wav,1,10320
./wavs/kws/qualcomm_keyword_speech_dataset/hi_galaxy/JON/QOAM3JON155.wav,1,11189
./wavs/kws/qualcomm_keyword_speech_dataset/hi_galaxy/JON/QOAM3JON163.wav,1,12683
./wavs/kws/qualcomm_keyword_speech_dataset/hi_galaxy/JON/QOAM3JON171.wav,1,10493
./wavs/kws/qualcomm_keyword_speech_dataset/hi_galaxy/DYL/QOAM1DYL003.wav,1,15748
./wavs/kws/qualcomm_keyword_speech_dataset/hi_galaxy/DYL/QOAM1DYL011.wav,1,16530
./wavs/kws/qualcomm_keyword_speech_dataset/hi_galaxy/DYL/QOAM1DYL019.wav,1,19317
./wavs/kws/qualcomm_keyword_speech_dataset/hi_galaxy/DYL/QOAM1DYL027.wav,1,18222
./wavs/kws/qualcomm_keyword_speech_dataset/hi_galaxy/DYL/QOAM1DYL035.wav,1,14552
./wavs/kws/qualcomm_keyword_speech_dataset/hi_galaxy/DYL/QOAM1DYL043.wav,1,20779
./wavs/kws/qualcomm_keyword_speech_dataset/hi_galaxy/DYL/QOAM1DYL051.wav,1,17234
./wavs/kws/qualcomm_keyword_speech_dataset/hi_galaxy/DYL/QOAM1DYL059.wav,1,17033
./wavs/kws/qualcomm_keyword_speech_dataset/hi_galaxy/DYL/QOAM1DYL067.wav,1,20717
./wavs/kws/qualcomm_keyword_speech_dataset/hi_galaxy/DYL/QOAM1DYL075.wav,1,18876
./wavs/kws/qualcomm_keyword_speech_dataset/hi_galaxy/DYL/QOAM1DYL083.wav,1,17689
./wavs/kws/qualcomm_keyword_speech_dataset/hi_galaxy/DYL/QOAM1DYL091.wav,1,16833
./wavs/kws/qualcomm_keyword_speech_dataset/hi_galaxy/DYL/QOAM1DYL099.wav,1,17705
./wavs/kws/qualcomm_keyword_speech_dataset/hi_galaxy/DYL/QOAM1DYL107.wav,1,20132
./wavs/kws/qualcomm_keyword_speech_dataset/hi_galaxy/DYL/QOAM1DYL115.wav,1,17096
./wavs/kws/qualcomm_keyword_speech_dataset/hi_galaxy/DYL/QOAM1DYL123.wav,1,17068
./wavs/kws/qualcomm_keyword_speech_dataset/hi_galaxy/DYL/QOAM1DYL131.wav,1,15871
./wavs/kws/qualcomm_keyword_speech_dataset/hi_galaxy/DYL/QOAM1DYL139.wav,1,18830
./wavs/kws/qualcomm_keyword_speech_dataset/hi_galaxy/DYL/QOAM1DYL147.wav,1,18611
./wavs/kws/qualcomm_keyword_speech_dataset/hi_galaxy/DYL/QOAM1DYL155.wav,1,17727
./wavs/kws/qualcomm_keyword_speech_dataset/hi_galaxy/DYL/QOAM1DYL163.wav,1,15916
./wavs/kws/qualcomm_keyword_speech_dataset/hi_galaxy/DYL/QOAM1DYL171.wav,1,17972
./wavs/kws/qualcomm_keyword_speech_dataset/hi_galaxy/DYL/QOAM1DYL179.wav,1,20676
./wavs/kws/qualcomm_keyword_speech_dataset/hi_galaxy/PHS/QOKM4PHS003.wav,1,18335
./wavs/kws/qualcomm_keyword_speech_dataset/hi_galaxy/PHS/QOKM4PHS012.wav,1,18689
./wavs/kws/qualcomm_keyword_speech_dataset/hi_galaxy/PHS/QOKM4PHS021.wav,1,19907
./wavs/kws/qualcomm_keyword_speech_dataset/hi_galaxy/PHS/QOKM4PHS030.wav,1,18224
./wavs/kws/qualcomm_keyword_speech_dataset/hi_galaxy/PHS/QOKM4PHS039.wav,1,19641
./wavs/kws/qualcomm_keyword_speech_dataset/hi_galaxy/PHS/QOKM4PHS048.wav,1,17832
./wavs/kws/qualcomm_keyword_speech_dataset/hi_galaxy/PHS/QOKM4PHS057.wav,1,18894
./wavs/kws/qualcomm_keyword_speech_dataset/hi_galaxy/PHS/QOKM4PHS066.wav,1,16575
./wavs/kws/qualcomm_keyword_speech_dataset/hi_galaxy/PHS/QOKM4PHS075.wav,1,18767
./wavs/kws/qualcomm_keyword_speech_dataset/hi_galaxy/PHS/QOKM4PHS084.wav,1,19895
./wavs/kws/qualcomm_keyword_speech_dataset/hi_galaxy/PHS/QOKM4PHS093.wav,1,18597
./wavs/kws/qualcomm_keyword_speech_dataset/hi_galaxy/PHS/QOKM4PHS102.wav,1,17943
./wavs/kws/qualcomm_keyword_speech_dataset/hi_galaxy/PHS/QOKM4PHS111.wav,1,17599
./wavs/kws/qualcomm_keyword_speech_dataset/hi_galaxy/PHS/QOKM4PHS120.wav,1,19998
./wavs/kws/qualcomm_keyword_speech_dataset/hi_galaxy/PHS/QOKM4PHS129.wav,1,18806
./wavs/kws/qualcomm_keyword_speech_dataset/hi_galaxy/PHS/QOKM4PHS138.wav,1,20448
./wavs/kws/qualcomm_keyword_speech_dataset/hi_galaxy/PHS/QOKM4PHS147.wav,1,17014
./wavs/kws/qualcomm_keyword_speech_dataset/hi_galaxy/PHS/QOKM4PHS156.wav,1,19301
./wavs/kws/qualcomm_keyword_speech_dataset/hi_galaxy/PHS/QOKM4PHS165.wav,1,18308
./wavs/kws/qualcomm_keyword_speech_dataset/hi_galaxy/PHS/QOKM4PHS174.wav,1,19404
./wavs/kws/qualcomm_keyword_speech_dataset/hi_galaxy/PHS/QOKM4PHS183.wav,1,18134
./wavs/kws/qualcomm_keyword_speech_dataset/hi_galaxy/PHS/QOKM4PHS192.wav,1,19955
./wavs/kws/qualcomm_keyword_speech_dataset/hi_galaxy/KYJ/QOKF1KYJ003.wav,1,16706
./wavs/kws/qualcomm_keyword_speech_dataset/hi_galaxy/KYJ/QOKF1KYJ012.wav,1,15383
./wavs/kws/qualcomm_keyword_speech_dataset/hi_galaxy/KYJ/QOKF1KYJ021.wav,1,15987
./wavs/kws/qualcomm_keyword_speech_dataset/hi_galaxy/KYJ/QOKF1KYJ030.wav,1,16450
./wavs/kws/qualcomm_keyword_speech_dataset/hi_galaxy/KYJ/QOKF1KYJ039.wav,1,17149
./wavs/kws/qualcomm_keyword_speech_dataset/hi_galaxy/KYJ/QOKF1KYJ048.wav,1,16541
./wavs/kws/qualcomm_keyword_speech_dataset/hi_galaxy/KYJ/QOKF1KYJ057.wav,1,16276
./wavs/kws/qualcomm_keyword_speech_dataset/hi_galaxy/KYJ/QOKF1KYJ066.wav,1,14274
./wavs/kws/qualcomm_keyword_speech_dataset/hi_galaxy/KYJ/QOKF1KYJ075.wav,1,14377
./wavs/kws/qualcomm_keyword_speech_dataset/hi_galaxy/KYJ/QOKF1KYJ084.wav,1,16155
./wavs/kws/qualcomm_keyword_speech_dataset/hi_galaxy/KYJ/QOKF1KYJ093.wav,1,15993
./wavs/kws/qualcomm_keyword_speech_dataset/hi_galaxy/KYJ/QOKF1KYJ102.wav,1,15538
./wavs/kws/qualcomm_keyword_speech_dataset/hi_galaxy/KYJ/QOKF1KYJ111.wav,1,16213
./wavs/kws/qualcomm_keyword_speech_dataset/hi_galaxy/KYJ/QOKF1KYJ120.wav,1,16068
./wavs/kws/qualcomm_keyword_speech_dataset/hi_galaxy/KYJ/QOKF1KYJ129.wav,1,14984
./wavs/kws/qualcomm_keyword_speech_dataset/hi_galaxy/KYJ/QOKF1KYJ138.wav,1,15639
./wavs/kws/qualcomm_keyword_speech_dataset/hi_galaxy/KYJ/QOKF1KYJ147.wav,1,15002
./wavs/kws/qualcomm_keyword_speech_dataset/hi_galaxy/KYJ/QOKF1KYJ156.wav,1,16323
./wavs/kws/qualcomm_keyword_speech_dataset/hi_galaxy/KYJ/QOKF1KYJ165.wav,1,14740
./wavs/kws/qualcomm_keyword_speech_dataset/hi_galaxy/KYJ/QOKF1KYJ174.wav,1,15653
./wavs/kws/qualcomm_keyword_speech_dataset/hi_galaxy/KYJ/QOKF1KYJ183.wav,1,15277
./wavs/kws/qualcomm_keyword_speech_dataset/hi_galaxy/KYJ/QOKF1KYJ192.wav,1,14147
./wavs/kws/qualcomm_keyword_speech_dataset/hi_galaxy/KYJ/QOKF1KYJ201.wav,1,15430
./wavs/kws/qualcomm_keyword_speech_dataset/hi_galaxy/LJA/QOKF2LJA003.wav,1,15626
./wavs/kws/qualcomm_keyword_speech_dataset/hi_galaxy/LJA/QOKF2LJA012.wav,1,17778
./wavs/kws/qualcomm_keyword_speech_dataset/hi_galaxy/LJA/QOKF2LJA021.wav,1,17695
./wavs/kws/qualcomm_keyword_speech_dataset/hi_galaxy/LJA/QOKF2LJA030.wav,1,18375
./wavs/kws/qualcomm_keyword_speech_dataset/hi_galaxy/LJA/QOKF2LJA039.wav,1,18232
./wavs/kws/qualcomm_keyword_speech_dataset/hi_galaxy/LJA/QOKF2LJA048.wav,1,17546
./wavs/kws/qualcomm_keyword_speech_dataset/hi_galaxy/LJA/QOKF2LJA057.wav,1,18172
./wavs/kws/qualcomm_keyword_speech_dataset/hi_galaxy/LJA/QOKF2LJA066.wav,1,17709
./wavs/kws/qualcomm_keyword_speech_dataset/hi_galaxy/LJA/QOKF2LJA075.wav,1,18111
./wavs/kws/qualcomm_keyword_speech_dataset/hi_galaxy/LJA/QOKF2LJA084.wav,1,18088
./wavs/kws/qualcomm_keyword_speech_dataset/hi_galaxy/LJA/QOKF2LJA093.wav,1,16640
./wavs/kws/qualcomm_keyword_speech_dataset/hi_galaxy/LJA/QOKF2LJA102.wav,1,19679
./wavs/kws/qualcomm_keyword_speech_dataset/hi_galaxy/LJA/QOKF2LJA111.wav,1,18621
./wavs/kws/qualcomm_keyword_speech_dataset/hi_galaxy/LJA/QOKF2LJA120.wav,1,17488
./wavs/kws/qualcomm_keyword_speech_dataset/hi_galaxy/LJA/QOKF2LJA129.wav,1,18484
./wavs/kws/qualcomm_keyword_speech_dataset/hi_galaxy/LJA/QOKF2LJA138.wav,1,17814
./wavs/kws/qualcomm_keyword_speech_dataset/hi_galaxy/LJA/QOKF2LJA147.wav,1,18119
./wavs/kws/qualcomm_keyword_speech_dataset/hi_galaxy/LJA/QOKF2LJA156.wav,1,20963
./wavs/kws/qualcomm_keyword_speech_dataset/hi_galaxy/LJA/QOKF2LJA165.wav,1,18232
./wavs/kws/qualcomm_keyword_speech_dataset/hi_galaxy/LJA/QOKF2LJA174.wav,1,19130
./wavs/kws/qualcomm_keyword_speech_dataset/hi_galaxy/LJA/QOKF2LJA183.wav,1,18130
./wavs/kws/qualcomm_keyword_speech_dataset/hi_galaxy/LJA/QOKF2LJA192.wav,1,18136
./wavs/kws/qualcomm_keyword_speech_dataset/hi_galaxy/LJA/QOKF2LJA201.wav,1,18190
./wavs/kws/qualcomm_keyword_speech_dataset/hi_galaxy/ASI/QOKF3ASI003.wav,1,18371
./wavs/kws/qualcomm_keyword_speech_dataset/hi_galaxy/ASI/QOKF3ASI012.wav,1,17106
./wavs/kws/qualcomm_keyword_speech_dataset/hi_galaxy/ASI/QOKF3ASI021.wav,1,18852
./wavs/kws/qualcomm_keyword_speech_dataset/hi_galaxy/ASI/QOKF3ASI030.wav,1190,14730
./wavs/kws/qualcomm_keyword_speech_dataset/hi_galaxy/ASI/QOKF3ASI039.wav,1,18916
./wavs/kws/qualcomm_keyword_speech_dataset/hi_galaxy/ASI/QOKF3ASI048.wav,1,19471
./wavs/kws/qualcomm_keyword_speech_dataset/hi_galaxy/ASI/QOKF3ASI057.wav,1,19362
./wavs/kws/qualcomm_keyword_speech_dataset/hi_galaxy/ASI/QOKF3ASI066.wav,1,17364
./wavs/kws/qualcomm_keyword_speech_dataset/hi_galaxy/ASI/QOKF3ASI075.wav,1,20493
./wavs/kws/qualcomm_keyword_speech_dataset/hi_galaxy/ASI/QOKF3ASI084.wav,1,18195
./wavs/kws/qualcomm_keyword_speech_dataset/hi_galaxy/ASI/QOKF3ASI093.wav,1,17143
./wavs/kws/qualcomm_keyword_speech_dataset/hi_galaxy/ASI/QOKF3ASI102.wav,1,19399
./wavs/kws/qualcomm_keyword_speech_dataset/hi_galaxy/ASI/QOKF3ASI111.wav,78,17645
./wavs/kws/qualcomm_keyword_speech_dataset/hi_galaxy/ASI/QOKF3ASI120.wav,1641,19635
./wavs/kws/qualcomm_keyword_speech_dataset/hi_galaxy/ASI/QOKF3ASI129.wav,1,20657
./wavs/kws/qualcomm_keyword_speech_dataset/hi_galaxy/ASI/QOKF3ASI138.wav,1,19328
./wavs/kws/qualcomm_keyword_speech_dataset/hi_galaxy/ASI/QOKF3ASI147.wav,1439,16331
./wavs/kws/qualcomm_keyword_speech_dataset/hi_galaxy/ASI/QOKF3ASI156.wav,1,17268
./wavs/kws/qualcomm_keyword_speech_dataset/hi_galaxy/ASI/QOKF3ASI165.wav,1,19335
./wavs/kws/qualcomm_keyword_speech_dataset/hi_galaxy/ASI/QOKF3ASI174.wav,1476,17782
./wavs/kws/qualcomm_keyword_speech_dataset/hi_galaxy/ASI/QOKF3ASI183.wav,883,19743
./wavs/kws/qualcomm_keyword_speech_dataset/hi_galaxy/ASI/QOKF3ASI192.wav,1,18069
./wavs/kws/qualcomm_keyword_speech_dataset/hi_galaxy/CPT/QOAF3CPT003.wav,24,14198
./wavs/kws/qualcomm_keyword_speech_dataset/hi_galaxy/CPT/QOAF3CPT011.wav,58,14209
./wavs/kws/qualcomm_keyword_speech_dataset/hi_galaxy/CPT/QOAF3CPT019.wav,1,16394
./wavs/kws/qualcomm_keyword_speech_dataset/hi_galaxy/CPT/QOAF3CPT027.wav,1,17193
./wavs/kws/qualcomm_keyword_speech_dataset/hi_galaxy/CPT/QOAF3CPT035.wav,1,16243
./wavs/kws/qualcomm_keyword_speech_dataset/hi_galaxy/CPT/QOAF3CPT043.wav,1,14514
./wavs/kws/qualcomm_keyword_speech_dataset/hi_galaxy/CPT/QOAF3CPT051.wav,1,16078
./wavs/kws/qualcomm_keyword_speech_dataset/hi_galaxy/CPT/QOAF3CPT059.wav,1,16655
./wavs/kws/qualcomm_keyword_speech_dataset/hi_galaxy/CPT/QOAF3CPT067.wav,1,14920
./wavs/kws/qualcomm_keyword_speech_dataset/hi_galaxy/CPT/QOAF3CPT075.wav,1,16377
./wavs/kws/qualcomm_keyword_speech_dataset/hi_galaxy/CPT/QOAF3CPT083.wav,1,14561
./wavs/kws/qualcomm_keyword_speech_dataset/hi_galaxy/CPT/QOAF3CPT091.wav,1,15937
./wavs/kws/qualcomm_keyword_speech_dataset/hi_galaxy/CPT/QOAF3CPT099.wav,1,15914
./wavs/kws/qualcomm_keyword_speech_dataset/hi_galaxy/CPT/QOAF3CPT107.wav,1,19723
./wavs/kws/qualcomm_keyword_speech_dataset/hi_galaxy/CPT/QOAF3CPT115.wav,1,19349
./wavs/kws/qualcomm_keyword_speech_dataset/hi_galaxy/CPT/QOAF3CPT123.wav,1,18789
./wavs/kws/qualcomm_keyword_speech_dataset/hi_galaxy/CPT/QOAF3CPT131.wav,1,19217
./wavs/kws/qualcomm_keyword_speech_dataset/hi_galaxy/CPT/QOAF3CPT139.wav,1,17602
./wavs/kws/qualcomm_keyword_speech_dataset/hi_galaxy/CPT/QOAF3CPT147.wav,1,17053
./wavs/kws/qualcomm_keyword_speech_dataset/hi_galaxy/CPT/QOAF3CPT155.wav,1,17394
./wavs/kws/qualcomm_keyword_speech_dataset/hi_galaxy/CPT/QOAF3CPT163.wav,1,17405
./wavs/kws/qualcomm_keyword_speech_dataset/hi_galaxy/CPT/QOAF3CPT171.wav,1,18692
./wavs/kws/qualcomm_keyword_speech_dataset/hi_galaxy/CAT/QOAF2CAT003.wav,1,18184
./wavs/kws/qualcomm_keyword_speech_dataset/hi_galaxy/CAT/QOAF2CAT011.wav,1,18962
./wavs/kws/qualcomm_keyword_speech_dataset/hi_galaxy/CAT/QOAF2CAT019.wav,1,17488
./wavs/kws/qualcomm_keyword_speech_dataset/hi_galaxy/CAT/QOAF2CAT027.wav,1,18075
./wavs/kws/qualcomm_keyword_speech_dataset/hi_galaxy/CAT/QOAF2CAT035.wav,1,20190
./wavs/kws/qualcomm_keyword_speech_dataset/hi_galaxy/CAT/QOAF2CAT043.wav,1,18729
./wavs/kws/qualcomm_keyword_speech_dataset/hi_galaxy/CAT/QOAF2CAT051.wav,1,19623
./wavs/kws/qualcomm_keyword_speech_dataset/hi_galaxy/CAT/QOAF2CAT059.wav,1,20151
./wavs/kws/qualcomm_keyword_speech_dataset/hi_galaxy/CAT/QOAF2CAT067.wav,1,16499
./wavs/kws/qualcomm_keyword_speech_dataset/hi_galaxy/CAT/QOAF2CAT075.wav,1,17103
./wavs/kws/qualcomm_keyword_speech_dataset/hi_galaxy/CAT/QOAF2CAT083.wav,1,16257
./wavs/kws/qualcomm_keyword_speech_dataset/hi_galaxy/CAT/QOAF2CAT091.wav,1,15793
./wavs/kws/qualcomm_keyword_speech_dataset/hi_galaxy/CAT/QOAF2CAT099.wav,1,17485
./wavs/kws/qualcomm_keyword_speech_dataset/hi_galaxy/CAT/QOAF2CAT107.wav,1,16132
./wavs/kws/qualcomm_keyword_speech_dataset/hi_galaxy/CAT/QOAF2CAT115.wav,1,15877
./wavs/kws/qualcomm_keyword_speech_dataset/hi_galaxy/CAT/QOAF2CAT123.wav,1,15962
./wavs/kws/qualcomm_keyword_speech_dataset/hi_galaxy/CAT/QOAF2CAT131.wav,1,18586
./wavs/kws/qualcomm_keyword_speech_dataset/hi_galaxy/CAT/QOAF2CAT139.wav,1,19386
./wavs/kws/qualcomm_keyword_speech_dataset/hi_galaxy/CAT/QOAF2CAT147.wav,1,18319
./wavs/kws/qualcomm_keyword_speech_dataset/hi_galaxy/CAT/QOAF2CAT155.wav,1,20566
./wavs/kws/qualcomm_keyword_speech_dataset/hi_galaxy/CAT/QOAF2CAT163.wav,1,18117
./wavs/kws/qualcomm_keyword_speech_dataset/hi_galaxy/CAT/QOAF2CAT171.wav,1,17861
./wavs/kws/qualcomm_keyword_speech_dataset/hi_galaxy/JYJ/QOKM2JYJ003.wav,1,17568
./wavs/kws/qualcomm_keyword_speech_dataset/hi_galaxy/JYJ/QOKM2JYJ012.wav,1,15993
./wavs/kws/qualcomm_keyword_speech_dataset/hi_galaxy/JYJ/QOKM2JYJ021.wav,1,15760
./wavs/kws/qualcomm_keyword_speech_dataset/hi_galaxy/JYJ/QOKM2JYJ030.wav,1,21027
./wavs/kws/qualcomm_keyword_speech_dataset/hi_galaxy/JYJ/QOKM2JYJ039.wav,1,18556
./wavs/kws/qualcomm_keyword_speech_dataset/hi_galaxy/JYJ/QOKM2JYJ048.wav,1,18324
./wavs/kws/qualcomm_keyword_speech_dataset/hi_galaxy/JYJ/QOKM2JYJ057.wav,1,18742
./wavs/kws/qualcomm_keyword_speech_dataset/hi_galaxy/JYJ/QOKM2JYJ066.wav,1,17109
./wavs/kws/qualcomm_keyword_speech_dataset/hi_galaxy/JYJ/QOKM2JYJ075.wav,1,17680
./wavs/kws/qualcomm_keyword_speech_dataset/hi_galaxy/JYJ/QOKM2JYJ084.wav,1,17945
./wavs/kws/qualcomm_keyword_speech_dataset/hi_galaxy/JYJ/QOKM2JYJ093.wav,1,17635
./wavs/kws/qualcomm_keyword_speech_dataset/hi_galaxy/JYJ/QOKM2JYJ102.wav,1,16790
./wavs/kws/qualcomm_keyword_speech_dataset/hi_galaxy/JYJ/QOKM2JYJ111.wav,1,17011
./wavs/kws/qualcomm_keyword_speech_dataset/hi_galaxy/JYJ/QOKM2JYJ120.wav,1,18277
./wavs/kws/qualcomm_keyword_speech_dataset/hi_galaxy/JYJ/QOKM2JYJ129.wav,1,18109
./wavs/kws/qualcomm_keyword_speech_dataset/hi_galaxy/JYJ/QOKM2JYJ138.wav,1,15839
./wavs/kws/qualcomm_keyword_speech_dataset/hi_galaxy/JYJ/QOKM2JYJ147.wav,1,18522
./wavs/kws/qualcomm_keyword_speech_dataset/hi_galaxy/JYJ/QOKM2JYJ156.wav,1,18010
./wavs/kws/qualcomm_keyword_speech_dataset/hi_galaxy/JYJ/QOKM2JYJ165.wav,1,17441
./wavs/kws/qualcomm_keyword_speech_dataset/hi_galaxy/JYJ/QOKM2JYJ174.wav,1,15243
./wavs/kws/qualcomm_keyword_speech_dataset/hi_galaxy/JYJ/QOKM2JYJ183.wav,1,17859
./wavs/kws/qualcomm_keyword_speech_dataset/hi_galaxy/JYJ/QOKM2JYJ192.wav,1,18477
./wavs/kws/qualcomm_keyword_speech_dataset/hi_galaxy/JYJ/QOKM2JYJ201.wav,1,20230
./wavs/kws/qualcomm_keyword_speech_dataset/hi_galaxy/CHR/QOAF3CHR003.wav,1,23043
./wavs/kws/qualcomm_keyword_speech_dataset/hi_galaxy/CHR/QOAF3CHR011.wav,1,19819
./wavs/kws/qualcomm_keyword_speech_dataset/hi_galaxy/CHR/QOAF3CHR019.wav,3375,21621
./wavs/kws/qualcomm_keyword_speech_dataset/hi_galaxy/CHR/QOAF3CHR027.wav,2739,22123
./wavs/kws/qualcomm_keyword_speech_dataset/hi_galaxy/CHR/QOAF3CHR035.wav,2372,21484
./wavs/kws/qualcomm_keyword_speech_dataset/hi_galaxy/CHR/QOAF3CHR043.wav,2114,21449
./wavs/kws/qualcomm_keyword_speech_dataset/hi_galaxy/CHR/QOAF3CHR051.wav,1,18930
./wavs/kws/qualcomm_keyword_speech_dataset/hi_galaxy/CHR/QOAF3CHR059.wav,2022,21336
./wavs/kws/qualcomm_keyword_speech_dataset/hi_galaxy/CHR/QOAF3CHR067.wav,2831,20942
./wavs/kws/qualcomm_keyword_speech_dataset/hi_galaxy/CHR/QOAF3CHR075.wav,2451,22030
./wavs/kws/qualcomm_keyword_speech_dataset/hi_galaxy/CHR/QOAF3CHR083.wav,1949,19009
./wavs/kws/qualcomm_keyword_speech_dataset/hi_galaxy/CHR/QOAF3CHR091.wav,2858,21029
./wavs/kws/qualcomm_keyword_speech_dataset/hi_galaxy/CHR/QOAF3CHR099.wav,2324,19863
./wavs/kws/qualcomm_keyword_speech_dataset/hi_galaxy/CHR/QOAF3CHR107.wav,3144,21015
./wavs/kws/qualcomm_keyword_speech_dataset/hi_galaxy/CHR/QOAF3CHR115.wav,3438,20178
./wavs/kws/qualcomm_keyword_speech_dataset/hi_galaxy/CHR/QOAF3CHR123.wav,294,19071
./wavs/kws/qualcomm_keyword_speech_dataset/hi_galaxy/CHR/QOAF3CHR131.wav,4307,23593
./wavs/kws/qualcomm_keyword_speech_dataset/hi_galaxy/CHR/QOAF3CHR139.wav,3792,22978
./wavs/kws/qualcomm_keyword_speech_dataset/hi_galaxy/CHR/QOAF3CHR147.wav,4227,22359
./wavs/kws/qualcomm_keyword_speech_dataset/hi_galaxy/CHR/QOAF3CHR155.wav,509,20372
./wavs/kws/qualcomm_keyword_speech_dataset/hi_galaxy/CHR/QOAF3CHR163.wav,2158,20493
./wavs/kws/qualcomm_keyword_speech_dataset/hi_galaxy/CHR/QOAF3CHR171.wav,1992,19070
./wavs/kws/qualcomm_keyword_speech_dataset/hi_galaxy/NIC/QOAF1NIC003.wav,1,14223
./wavs/kws/qualcomm_keyword_speech_dataset/hi_galaxy/NIC/QOAF1NIC011.wav,1,15005
./wavs/kws/qualcomm_keyword_speech_dataset/hi_galaxy/NIC/QOAF1NIC019.wav,1,14730
./wavs/kws/qualcomm_keyword_speech_dataset/hi_galaxy/NIC/QOAF1NIC027.wav,1,15383
./wavs/kws/qualcomm_keyword_speech_dataset/hi_galaxy/NIC/QOAF1NIC035.wav,1,16076
./wavs/kws/qualcomm_keyword_speech_dataset/hi_galaxy/NIC/QOAF1NIC043.wav,1,16727
./wavs/kws/qualcomm_keyword_speech_dataset/hi_galaxy/NIC/QOAF1NIC051.wav,1,15445
./wavs/kws/qualcomm_keyword_speech_dataset/hi_galaxy/NIC/QOAF1NIC059.wav,1,15722
./wavs/kws/qualcomm_keyword_speech_dataset/hi_galaxy/NIC/QOAF1NIC067.wav,1,14492
./wavs/kws/qualcomm_keyword_speech_dataset/hi_galaxy/NIC/QOAF1NIC075.wav,1,15301
./wavs/kws/qualcomm_keyword_speech_dataset/hi_galaxy/NIC/QOAF1NIC083.wav,1,15161
./wavs/kws/qualcomm_keyword_speech_dataset/hi_galaxy/NIC/QOAF1NIC091.wav,1,15093
./wavs/kws/qualcomm_keyword_speech_dataset/hi_galaxy/NIC/QOAF1NIC099.wav,1,13560
./wavs/kws/qualcomm_keyword_speech_dataset/hi_galaxy/NIC/QOAF1NIC107.wav,1,14759
./wavs/kws/qualcomm_keyword_speech_dataset/hi_galaxy/NIC/QOAF1NIC115.wav,1,14694
./wavs/kws/qualcomm_keyword_speech_dataset/hi_galaxy/NIC/QOAF1NIC123.wav,1,14655
./wavs/kws/qualcomm_keyword_speech_dataset/hi_galaxy/NIC/QOAF1NIC131.wav,1,13773
./wavs/kws/qualcomm_keyword_speech_dataset/hi_galaxy/NIC/QOAF1NIC139.wav,1,15807
./wavs/kws/qualcomm_keyword_speech_dataset/hi_galaxy/NIC/QOAF1NIC147.wav,1,16655
./wavs/kws/qualcomm_keyword_speech_dataset/hi_galaxy/NIC/QOAF1NIC155.wav,1,16222
./wavs/kws/qualcomm_keyword_speech_dataset/hi_galaxy/NIC/QOAF1NIC163.wav,1,16564
./wavs/kws/qualcomm_keyword_speech_dataset/hi_galaxy/NIC/QOAF1NIC171.wav,1,17494
./wavs/kws/qualcomm_keyword_speech_dataset/hi_galaxy/SEH/QOKF2SEH003.wav,1,18149
./wavs/kws/qualcomm_keyword_speech_dataset/hi_galaxy/SEH/QOKF2SEH012.wav,1,19310
./wavs/kws/qualcomm_keyword_speech_dataset/hi_galaxy/SEH/QOKF2SEH021.wav,1,20476
./wavs/kws/qualcomm_keyword_speech_dataset/hi_galaxy/SEH/QOKF2SEH030.wav,1,20177
./wavs/kws/qualcomm_keyword_speech_dataset/hi_galaxy/SEH/QOKF2SEH039.wav,1,19774
./wavs/kws/qualcomm_keyword_speech_dataset/hi_galaxy/SEH/QOKF2SEH048.wav,1,20065
./wavs/kws/qualcomm_keyword_speech_dataset/hi_galaxy/SEH/QOKF2SEH057.wav,1,21227
./wavs/kws/qualcomm_keyword_speech_dataset/hi_galaxy/SEH/QOKF2SEH066.wav,1,20698
./wavs/kws/qualcomm_keyword_speech_dataset/hi_galaxy/SEH/QOKF2SEH075.wav,1,20366
./wavs/kws/qualcomm_keyword_speech_dataset/hi_galaxy/SEH/QOKF2SEH084.wav,1,21311
./wavs/kws/qualcomm_keyword_speech_dataset/hi_galaxy/SEH/QOKF2SEH093.wav,1,18810
./wavs/kws/qualcomm_keyword_speech_dataset/hi_galaxy/SEH/QOKF2SEH102.wav,1,20171
./wavs/kws/qualcomm_keyword_speech_dataset/hi_galaxy/SEH/QOKF2SEH111.wav,1,21129
./wavs/kws/qualcomm_keyword_speech_dataset/hi_galaxy/SEH/QOKF2SEH120.wav,1,21020
./wavs/kws/qualcomm_keyword_speech_dataset/hi_galaxy/SEH/QOKF2SEH129.wav,1,19572
./wavs/kws/qualcomm_keyword_speech_dataset/hi_galaxy/SEH/QOKF2SEH138.wav,1,20875
./wavs/kws/qualcomm_keyword_speech_dataset/hi_galaxy/SEH/QOKF2SEH147.wav,1,20971
./wavs/kws/qualcomm_keyword_speech_dataset/hi_galaxy/SEH/QOKF2SEH156.wav,1,20412
./wavs/kws/qualcomm_keyword_speech_dataset/hi_galaxy/SEH/QOKF2SEH165.wav,1,19324
./wavs/kws/qualcomm_keyword_speech_dataset/hi_galaxy/SEH/QOKF2SEH174.wav,1,21305
./wavs/kws/qualcomm_keyword_speech_dataset/hi_galaxy/SEH/QOKF2SEH183.wav,1,19843
./wavs/kws/qualcomm_keyword_speech_dataset/hi_galaxy/SEH/QOKF2SEH192.wav,1,20105
./wavs/kws/qualcomm_keyword_speech_dataset/hi_galaxy/SEH/QOKF2SEH201.wav,1,19002
./wavs/kws/qualcomm_keyword_speech_dataset/hi_galaxy/KSK/QOKF2KSK003.wav,1,16036
./wavs/kws/qualcomm_keyword_speech_dataset/hi_galaxy/KSK/QOKF2KSK012.wav,1,17231
./wavs/kws/qualcomm_keyword_speech_dataset/hi_galaxy/KSK/QOKF2KSK021.wav,1,17795
./wavs/kws/qualcomm_keyword_speech_dataset/hi_galaxy/KSK/QOKF2KSK030.wav,1,16816
./wavs/kws/qualcomm_keyword_speech_dataset/hi_galaxy/KSK/QOKF2KSK039.wav,1,16975
./wavs/kws/qualcomm_keyword_speech_dataset/hi_galaxy/KSK/QOKF2KSK048.wav,1,17687
./wavs/kws/qualcomm_keyword_speech_dataset/hi_galaxy/KSK/QOKF2KSK057.wav,1,20820
./wavs/kws/qualcomm_keyword_speech_dataset/hi_galaxy/KSK/QOKF2KSK066.wav,1,18349
./wavs/kws/qualcomm_keyword_speech_dataset/hi_galaxy/KSK/QOKF2KSK075.wav,1,19552
./wavs/kws/qualcomm_keyword_speech_dataset/hi_galaxy/KSK/QOKF2KSK084.wav,1,18194
./wavs/kws/qualcomm_keyword_speech_dataset/hi_galaxy/KSK/QOKF2KSK093.wav,1,18562
./wavs/kws/qualcomm_keyword_speech_dataset/hi_galaxy/KSK/QOKF2KSK102.wav,1,16997
./wavs/kws/qualcomm_keyword_speech_dataset/hi_galaxy/KSK/QOKF2KSK111.wav,1,16034
./wavs/kws/qualcomm_keyword_speech_dataset/hi_galaxy/KSK/QOKF2KSK120.wav,1,16509
./wavs/kws/qualcomm_keyword_speech_dataset/hi_galaxy/KSK/QOKF2KSK129.wav,1,20735
./wavs/kws/qualcomm_keyword_speech_dataset/hi_galaxy/KSK/QOKF2KSK138.wav,1,19507
./wavs/kws/qualcomm_keyword_speech_dataset/hi_galaxy/KSK/QOKF2KSK147.wav,1,18485
./wavs/kws/qualcomm_keyword_speech_dataset/hi_galaxy/KSK/QOKF2KSK156.wav,1,18404
./wavs/kws/qualcomm_keyword_speech_dataset/hi_galaxy/KSK/QOKF2KSK165.wav,1,19401
./wavs/kws/qualcomm_keyword_speech_dataset/hi_galaxy/KSK/QOKF2KSK174.wav,1,18047
./wavs/kws/qualcomm_keyword_speech_dataset/hi_galaxy/KSK/QOKF2KSK183.wav,1,16765
./wavs/kws/qualcomm_keyword_speech_dataset/hi_galaxy/KSK/QOKF2KSK192.wav,1,18958
./wavs/kws/qualcomm_keyword_speech_dataset/hi_galaxy/KSK/QOKF2KSK201.wav,1,18108
./wavs/kws/qualcomm_keyword_speech_dataset/hi_galaxy/CJM/QOAM2CJM003.wav,1095,13934
./wavs/kws/qualcomm_keyword_speech_dataset/hi_galaxy/CJM/QOAM2CJM011.wav,1,14404
./wavs/kws/qualcomm_keyword_speech_dataset/hi_galaxy/CJM/QOAM2CJM019.wav,1913,16557
./wavs/kws/qualcomm_keyword_speech_dataset/hi_galaxy/CJM/QOAM2CJM027.wav,400,14317
./wavs/kws/qualcomm_keyword_speech_dataset/hi_galaxy/CJM/QOAM2CJM035.wav,196,14995
./wavs/kws/qualcomm_keyword_speech_dataset/hi_galaxy/CJM/QOAM2CJM043.wav,349,13474
./wavs/kws/qualcomm_keyword_speech_dataset/hi_galaxy/CJM/QOAM2CJM051.wav,1218,15021
./wavs/kws/qualcomm_keyword_speech_dataset/hi_galaxy/CJM/QOAM2CJM059.wav,876,14965
./wavs/kws/qualcomm_keyword_speech_dataset/hi_galaxy/CJM/QOAM2CJM067.wav,1785,15689
./wavs/kws/qualcomm_keyword_speech_dataset/hi_galaxy/CJM/QOAM2CJM075.wav,369,12909
./wavs/kws/qualcomm_keyword_speech_dataset/hi_galaxy/CJM/QOAM2CJM083.wav,1162,15383
./wavs/kws/qualcomm_keyword_speech_dataset/hi_galaxy/CJM/QOAM2CJM091.wav,23,12234
./wavs/kws/qualcomm_keyword_speech_dataset/hi_galaxy/CJM/QOAM2CJM099.wav,334,13683
./wavs/kws/qualcomm_keyword_speech_dataset/hi_galaxy/CJM/QOAM2CJM107.wav,1167,13981
./wavs/kws/qualcomm_keyword_speech_dataset/hi_galaxy/CJM/QOAM2CJM115.wav,86,12514
./wavs/kws/qualcomm_keyword_speech_dataset/hi_galaxy/CJM/QOAM2CJM123.wav,1,13795
./wavs/kws/qualcomm_keyword_speech_dataset/hi_galaxy/CJM/QOAM2CJM131.wav,825,14965
./wavs/kws/qualcomm_keyword_speech_dataset/hi_galaxy/CJM/QOAM2CJM139.wav,1896,15789
./wavs/kws/qualcomm_keyword_speech_dataset/hi_galaxy/CJM/QOAM2CJM147.wav,255,15545
./wavs/kws/qualcomm_keyword_speech_dataset/hi_galaxy/CJM/QOAM2CJM155.wav,1944,16527
./wavs/kws/qualcomm_keyword_speech_dataset/hi_galaxy/CJM/QOAM2CJM163.wav,339,13931
./wavs/kws/qualcomm_keyword_speech_dataset/hi_galaxy/CJM/QOAM2CJM171.wav,1058,13618
./wavs/kws/qualcomm_keyword_speech_dataset/hi_galaxy/CJM/QOAM2CJM179.wav,996,14667
./wavs/kws/qualcomm_keyword_speech_dataset/hi_galaxy/LSO/QOKF5LSO003.wav,1,14567
./wavs/kws/qualcomm_keyword_speech_dataset/hi_galaxy/LSO/QOKF5LSO012.wav,1,14409
./wavs/kws/qualcomm_keyword_speech_dataset/hi_galaxy/LSO/QOKF5LSO021.wav,1,15871
./wavs/kws/qualcomm_keyword_speech_dataset/hi_galaxy/LSO/QOKF5LSO030.wav,1,15645
./wavs/kws/qualcomm_keyword_speech_dataset/hi_galaxy/LSO/QOKF5LSO039.wav,1,15035
./wavs/kws/qualcomm_keyword_speech_dataset/hi_galaxy/LSO/QOKF5LSO048.wav,1,15716
./wavs/kws/qualcomm_keyword_speech_dataset/hi_galaxy/LSO/QOKF5LSO057.wav,1,17065
./wavs/kws/qualcomm_keyword_speech_dataset/hi_galaxy/LSO/QOKF5LSO066.wav,1,15902
./wavs/kws/qualcomm_keyword_speech_dataset/hi_galaxy/LSO/QOKF5LSO075.wav,1,15622
./wavs/kws/qualcomm_keyword_speech_dataset/hi_galaxy/LSO/QOKF5LSO084.wav,1,16636
./wavs/kws/qualcomm_keyword_speech_dataset/hi_galaxy/LSO/QOKF5LSO093.wav,1,16208
./wavs/kws/qualcomm_keyword_speech_dataset/hi_galaxy/LSO/QOKF5LSO102.wav,1,16095
./wavs/kws/qualcomm_keyword_speech_dataset/hi_galaxy/LSO/QOKF5LSO111.wav,1,16221
./wavs/kws/qualcomm_keyword_speech_dataset/hi_galaxy/LSO/QOKF5LSO120.wav,1,15718
./wavs/kws/qualcomm_keyword_speech_dataset/hi_galaxy/LSO/QOKF5LSO129.wav,1,18086
./wavs/kws/qualcomm_keyword_speech_dataset/hi_galaxy/LSO/QOKF5LSO138.wav,1,17132
./wavs/kws/qualcomm_keyword_speech_dataset/hi_galaxy/LSO/QOKF5LSO147.wav,1,15656
./wavs/kws/qualcomm_keyword_speech_dataset/hi_galaxy/LSO/QOKF5LSO156.wav,1,15849
./wavs/kws/qualcomm_keyword_speech_dataset/hi_galaxy/LSO/QOKF5LSO165.wav,1,16925
./wavs/kws/qualcomm_keyword_speech_dataset/hi_galaxy/LSO/QOKF5LSO174.wav,1,16140
./wavs/kws/qualcomm_keyword_speech_dataset/hi_galaxy/LSO/QOKF5LSO183.wav,1,15491
./wavs/kws/qualcomm_keyword_speech_dataset/hi_galaxy/LSO/QOKF5LSO192.wav,1,16150
./wavs/kws/qualcomm_keyword_speech_dataset/hi_galaxy/SUJ/QOKF1SUJ003.wav,1,14939
./wavs/kws/qualcomm_keyword_speech_dataset/hi_galaxy/SUJ/QOKF1SUJ012.wav,1,15276
./wavs/kws/qualcomm_keyword_speech_dataset/hi_galaxy/SUJ/QOKF1SUJ021.wav,1,13941
./wavs/kws/qualcomm_keyword_speech_dataset/hi_galaxy/SUJ/QOKF1SUJ030.wav,1,15275
./wavs/kws/qualcomm_keyword_speech_dataset/hi_galaxy/SUJ/QOKF1SUJ039.wav,1,15442
./wavs/kws/qualcomm_keyword_speech_dataset/hi_galaxy/SUJ/QOKF1SUJ048.wav,1,13536
./wavs/kws/qualcomm_keyword_speech_dataset/hi_galaxy/SUJ/QOKF1SUJ057.wav,1,14356
./wavs/kws/qualcomm_keyword_speech_dataset/hi_galaxy/SUJ/QOKF1SUJ066.wav,1,18494
./wavs/kws/qualcomm_keyword_speech_dataset/hi_galaxy/SUJ/QOKF1SUJ075.wav,1,15314
./wavs/kws/qualcomm_keyword_speech_dataset/hi_galaxy/SUJ/QOKF1SUJ084.wav,1,16665
./wavs/kws/qualcomm_keyword_speech_dataset/hi_galaxy/SUJ/QOKF1SUJ093.wav,1,16814
./wavs/kws/qualcomm_keyword_speech_dataset/hi_galaxy/SUJ/QOKF1SUJ102.wav,1,16413
./wavs/kws/qualcomm_keyword_speech_dataset/hi_galaxy/SUJ/QOKF1SUJ111.wav,1,16850
./wavs/kws/qualcomm_keyword_speech_dataset/hi_galaxy/SUJ/QOKF1SUJ120.wav,1,16217
./wavs/kws/qualcomm_keyword_speech_dataset/hi_galaxy/SUJ/QOKF1SUJ129.wav,1,16069
./wavs/kws/qualcomm_keyword_speech_dataset/hi_galaxy/SUJ/QOKF1SUJ138.wav,1,15606
./wavs/kws/qualcomm_keyword_speech_dataset/hi_galaxy/SUJ/QOKF1SUJ147.wav,1,16574
./wavs/kws/qualcomm_keyword_speech_dataset/hi_galaxy/SUJ/QOKF1SUJ156.wav,1,15880
./wavs/kws/qualcomm_keyword_speech_dataset/hi_galaxy/SUJ/QOKF1SUJ165.wav,1,16947
./wavs/kws/qualcomm_keyword_speech_dataset/hi_galaxy/SUJ/QOKF1SUJ174.wav,1,16611
./wavs/kws/qualcomm_keyword_speech_dataset/hi_galaxy/SUJ/QOKF1SUJ183.wav,1,17110
./wavs/kws/qualcomm_keyword_speech_dataset/hi_galaxy/SUJ/QOKF1SUJ192.wav,1,16026
./wavs/kws/qualcomm_keyword_speech_dataset/hi_galaxy/LSJ/QOKM2LSJ003.wav,1,18306
./wavs/kws/qualcomm_keyword_speech_dataset/hi_galaxy/LSJ/QOKM2LSJ012.wav,1,17800
./wavs/kws/qualcomm_keyword_speech_dataset/hi_galaxy/LSJ/QOKM2LSJ021.wav,1,18156
./wavs/kws/qualcomm_keyword_speech_dataset/hi_galaxy/LSJ/QOKM2LSJ030.wav,1,17515
./wavs/kws/qualcomm_keyword_speech_dataset/hi_galaxy/LSJ/QOKM2LSJ039.wav,1,17150
./wavs/kws/qualcomm_keyword_speech_dataset/hi_galaxy/LSJ/QOKM2LSJ048.wav,1,18376
./wavs/kws/qualcomm_keyword_speech_dataset/hi_galaxy/LSJ/QOKM2LSJ057.wav,1,17989
./wavs/kws/qualcomm_keyword_speech_dataset/hi_galaxy/LSJ/QOKM2LSJ066.wav,1,18127
./wavs/kws/qualcomm_keyword_speech_dataset/hi_galaxy/LSJ/QOKM2LSJ075.wav,1,18410
./wavs/kws/qualcomm_keyword_speech_dataset/hi_galaxy/LSJ/QOKM2LSJ084.wav,1,17861
./wavs/kws/qualcomm_keyword_speech_dataset/hi_galaxy/LSJ/QOKM2LSJ093.wav,1,16681
./wavs/kws/qualcomm_keyword_speech_dataset/hi_galaxy/LSJ/QOKM2LSJ102.wav,1,18861
./wavs/kws/qualcomm_keyword_speech_dataset/hi_galaxy/LSJ/QOKM2LSJ111.wav,1,16821
./wavs/kws/qualcomm_keyword_speech_dataset/hi_galaxy/LSJ/QOKM2LSJ120.wav,1,16574
./wavs/kws/qualcomm_keyword_speech_dataset/hi_galaxy/LSJ/QOKM2LSJ129.wav,1,18158
./wavs/kws/qualcomm_keyword_speech_dataset/hi_galaxy/LSJ/QOKM2LSJ138.wav,1,17799
./wavs/kws/qualcomm_keyword_speech_dataset/hi_galaxy/LSJ/QOKM2LSJ147.wav,1,17745
./wavs/kws/qualcomm_keyword_speech_dataset/hi_galaxy/LSJ/QOKM2LSJ156.wav,1,19273
./wavs/kws/qualcomm_keyword_speech_dataset/hi_galaxy/LSJ/QOKM2LSJ165.wav,1,18816
./wavs/kws/qualcomm_keyword_speech_dataset/hi_galaxy/LSJ/QOKM2LSJ174.wav,1,18156
./wavs/kws/qualcomm_keyword_speech_dataset/hi_galaxy/LSJ/QOKM2LSJ183.wav,1,17546
./wavs/kws/qualcomm_keyword_speech_dataset/hi_galaxy/LSJ/QOKM2LSJ192.wav,1,17002
./wavs/kws/qualcomm_keyword_speech_dataset/hi_galaxy/CHA/QOAM2CHA003.wav,1,14635
./wavs/kws/qualcomm_keyword_speech_dataset/hi_galaxy/CHA/QOAM2CHA011.wav,1,14002
./wavs/kws/qualcomm_keyword_speech_dataset/hi_galaxy/CHA/QOAM2CHA019.wav,1,13537
./wavs/kws/qualcomm_keyword_speech_dataset/hi_galaxy/CHA/QOAM2CHA027.wav,1,13673
./wavs/kws/qualcomm_keyword_speech_dataset/hi_galaxy/CHA/QOAM2CHA035.wav,1,12498
./wavs/kws/qualcomm_keyword_speech_dataset/hi_galaxy/CHA/QOAM2CHA043.wav,1,15920
./wavs/kws/qualcomm_keyword_speech_dataset/hi_galaxy/CHA/QOAM2CHA051.wav,1,14975
./wavs/kws/qualcomm_keyword_speech_dataset/hi_galaxy/CHA/QOAM2CHA059.wav,1,15604
./wavs/kws/qualcomm_keyword_speech_dataset/hi_galaxy/CHA/QOAM2CHA067.wav,1,15568
./wavs/kws/qualcomm_keyword_speech_dataset/hi_galaxy/CHA/QOAM2CHA075.wav,1,15087
./wavs/kws/qualcomm_keyword_speech_dataset/hi_galaxy/CHA/QOAM2CHA083.wav,1,15328
./wavs/kws/qualcomm_keyword_speech_dataset/hi_galaxy/CHA/QOAM2CHA091.wav,1,13176
./wavs/kws/qualcomm_keyword_speech_dataset/hi_galaxy/CHA/QOAM2CHA099.wav,1,15052
./wavs/kws/qualcomm_keyword_speech_dataset/hi_galaxy/CHA/QOAM2CHA107.wav,1,14674
./wavs/kws/qualcomm_keyword_speech_dataset/hi_galaxy/CHA/QOAM2CHA115.wav,1,14865
./wavs/kws/qualcomm_keyword_speech_dataset/hi_galaxy/CHA/QOAM2CHA123.wav,1,14157
./wavs/kws/qualcomm_keyword_speech_dataset/hi_galaxy/CHA/QOAM2CHA131.wav,1,18210
./wavs/kws/qualcomm_keyword_speech_dataset/hi_galaxy/CHA/QOAM2CHA139.wav,1,15028
./wavs/kws/qualcomm_keyword_speech_dataset/hi_galaxy/CHA/QOAM2CHA147.wav,1,14473
./wavs/kws/qualcomm_keyword_speech_dataset/hi_galaxy/CHA/QOAM2CHA155.wav,1,13633
./wavs/kws/qualcomm_keyword_speech_dataset/hi_galaxy/CHA/QOAM2CHA163.wav,1,14008
./wavs/kws/qualcomm_keyword_speech_dataset/hi_galaxy/CHA/QOAM2CHA171.wav,1,14230
